Created_At,Username,Followers_Number,Tweet_Text,Tweet_Likes,Tweet_Retweets,Tweet_Location
2020-01-14 14:10:28,b'manu\xe2\x81\xb7',481,@wtftaegii @TwitterVideo @TwitterRetweets @TwitterSupport @TwitterAPI @TwitterSports @TwitterMusic @TwitterSafety‚Ä¶ https://t.co/z8MfhdLb9g,0,0,disha rai                    
2020-01-14 14:07:54,b'disha | 2yeonsmiles got s worded lmao',34,@2yeonschild @TwitterVideo @TwitterRetweets @TwitterSupport @TwitterAPI @TwitterSports @TwitterMusic @TwitterSafety‚Ä¶ https://t.co/635B6ncCKZ,0,0,
2020-01-14 12:19:45,b'-LEGS- L\xc9\xaa\xca\x9f\xc9\xaa\xe1\xb4\x80\xc9\xb4\xe1\xb4\x80 V\xe1\xb4\x87ss',1469,RT @yakirisuu: please for the love of GOD make it so people aren't tagged in something they retweeted please PLEASE @Twitter @TwitterSuppor‚Ä¶,0,25,"Qu√©bec, Canada"
2020-01-14 11:18:57,b'Radster1975',525,@coin_guru @kznherbman @DowmanJay @TwitterAPI @Slovenia_one @radolka2 üí•üçª TG: Radster2212,0,0,"Hlavn√≠ mƒõsto Praha, ƒåesk√° repu"
2020-01-14 10:56:44,b'emma\xe2\x81\xb7 #answer \xe2\x9c\xb0',114,@Twitter @TwitterSupport @TwitterMusic @TwitterVideo @TwitterRetweets @TwitterAPI i want my accounts back. üòë,0,0,
2020-01-14 10:28:48,b'papers.com.pk',3070,Jobs In Science Base School Gujranwala - https://t.co/imnLZzpYPt https://t.co/zo6NiNdEeR via @twitterapi,0,0,Pakistan
2020-01-14 10:28:31,b'papers.com.pk',3070,Jobs In Fatimid Foundation Karachi - https://t.co/imnLZzpYPt https://t.co/LztxFxd8Uk via @twitterapi,0,0,Pakistan
2020-01-14 10:28:12,b'papers.com.pk',3070,Jobs In Fatima Memorial Hospital Lahore - https://t.co/imnLZzpYPt https://t.co/xZb2cWJftL via @twitterapi,0,0,Pakistan
2020-01-14 10:27:20,b'papers.com.pk',3070,Latest Jobs Special Communication Organization Rawalpindi - https://t.co/imnLZzpYPt https://t.co/WP0WguxgrT via @twitterapi,0,0,Pakistan
2020-01-14 10:27:02,b'papers.com.pk',3070,Jobs In Islamabad Feeds Private Limited Islamabad - https://t.co/imnLZzpYPt https://t.co/SlZXI8TCPv via @twitterapi,0,0,Pakistan
2020-01-14 10:26:32,b'papers.com.pk',3070,Jobs In National Highway&amp;Motorway Police Islamabad - https://t.co/imnLZzpYPt https://t.co/XVYI8aQOlB via @twitterapi,0,0,Pakistan
2020-01-14 10:25:48,b'papers.com.pk',3070,Latest Jobs In HBS Medical&amp;Dental College Islamabad - https://t.co/imnLZzpYPt https://t.co/It1WOWhaWp via @twitterapi,0,0,Pakistan
2020-01-14 10:22:08,b'papers.com.pk',3070,Jobs In A State Of Art Secondary Healthcare Hospital Sukkur - https://t.co/imnLZzpYPt https://t.co/iwbDmy3W0L via @twitterapi,0,0,Pakistan
2020-01-14 10:21:15,b'papers.com.pk',3070,Jobs In Headquarter Special Communication Organization Rawalpindi - https://t.co/imnLZzpYPt https://t.co/eRL7zx8Gg0 via @twitterapi,0,0,Pakistan
2020-01-14 09:20:59,"b""K\xcf\x85\xd1\x8fi\xd0\xbci ('\xc2\xac_\xc2\xac) Lesbian for goth mommy gf""",415,RT @yakirisuu: please for the love of GOD make it so people aren't tagged in something they retweeted please PLEASE @Twitter @TwitterSuppor‚Ä¶,0,25,ü•õ
2020-01-14 07:59:13,b'Topher@psiquid',192,"PMTA Day Countdown - Countdown to May 1, 2020 in Washington DC, District of Columbia when the unfair, unobtainable‚Ä¶ https://t.co/R9axYuAsFX",0,0,"Davenport, FL"
2020-01-14 07:31:52,b'Maki \xf0\x9f\x8d\xa3\xf0\x9f\xa5\xb3 (BIRFDAY BOY) @ Gintama',63,@yakirisuu @Twitter @TwitterSupport @TwitterVideo @TwitterSports @TwitterRetweets @TwitterGaming @TwitterAPI‚Ä¶ https://t.co/Ft6bsI1mp4,0,0,Pizza Pasta Mandolino
2020-01-14 07:29:35,b'Loaf of Heresy',337,@yakirisuu @Twitter @TwitterSupport @TwitterVideo @TwitterSports @TwitterRetweets @TwitterGaming @TwitterAPI‚Ä¶ https://t.co/vmmRf7O2E4,0,0,in-a-trashbag
2020-01-14 06:31:38,b'manu\xe2\x81\xb7',481,@TwitterVideo @TwitterRetweets @TwitterSupport @TwitterAPI @TwitterSports @TwitterMusic @TwitterSafety‚Ä¶ https://t.co/VCUiDP3uCv,0,0,disha rai                    
2020-01-14 06:29:36,b'manu\xe2\x81\xb7',481,"@TwitterVideo 
@TwitterRetweets 
@TwitterSupport 
@TwitterAPI 
@TwitterSports 
@TwitterMusic 
@TwitterSafety‚Ä¶ https://t.co/EVpnT4Eisl",2,0,disha rai                    
2020-01-14 06:22:49,b'Eti-Kari',198,RT @yakirisuu: please for the love of GOD make it so people aren't tagged in something they retweeted please PLEASE @Twitter @TwitterSuppor‚Ä¶,0,25,"Las Vegas, NV"
2020-01-14 06:18:43,b'Erimugu @LoveLiveFes',63,RT @yakirisuu: please for the love of GOD make it so people aren't tagged in something they retweeted please PLEASE @Twitter @TwitterSuppor‚Ä¶,0,25,
2020-01-14 06:03:45,b'Djmagidelic',4,With these historical Parliament funkadelic official videos first thing you have to do is figure out what's going o‚Ä¶ https://t.co/JMhUORyctq,1,0,
2020-01-14 05:06:13,b'B willams',206,"Countdown Timer - Countdown to Apr 11, 2020 in Kansas City, Missouri https://t.co/8ZISnNXOY1 via @twitterapi",0,0,
2020-01-14 05:05:32,b'Charlemagne',102,@HelpfulSenkoSan @yakirisuu @Twitter @TwitterSupport @TwitterVideo @TwitterSports @TwitterRetweets @TwitterGaming‚Ä¶ https://t.co/XmV7movZdr,1,0,PT boat on the way to Havana
2020-01-14 05:02:36,b'Senko-San',123,@yakirisuu @Twitter @TwitterSupport @TwitterVideo @TwitterSports @TwitterRetweets @TwitterGaming @TwitterAPI‚Ä¶ https://t.co/bId3Ey2Yd8,0,0,Wherever you need me
2020-01-14 04:46:28,b'shit lord',81,@yakirisuu @Twitter @TwitterSupport @TwitterVideo @TwitterSports @TwitterRetweets @TwitterGaming @TwitterAPI‚Ä¶ https://t.co/Y496KFVFUl,0,0,in your scrotum
2020-01-14 04:44:19,b'buddhistprodigy',561,"Election Countdown - Countdown to Nov 3, 2020 in Washington DC, District of Columbia https://t.co/xsz4gNmhAd via @twitterapi",0,0,
2020-01-14 04:15:59,b'CEO of Katarina',292,RT @yakirisuu: please for the love of GOD make it so people aren't tagged in something they retweeted please PLEASE @Twitter @TwitterSuppor‚Ä¶,0,25,"East Midlands, England"
2020-01-14 03:46:17,b'Madroblin1',100,RT @yakirisuu: please for the love of GOD make it so people aren't tagged in something they retweeted please PLEASE @Twitter @TwitterSuppor‚Ä¶,0,25,
2020-01-14 03:41:11,b'Delta',123,RT @yakirisuu: please for the love of GOD make it so people aren't tagged in something they retweeted please PLEASE @Twitter @TwitterSuppor‚Ä¶,0,25,"New York, USA"
2020-01-14 03:29:34,b'Erina \xf0\x9f\x8c\xba',61,@yakirisuu @Twitter @TwitterSupport @TwitterVideo @TwitterSports @TwitterRetweets @TwitterGaming @TwitterAPI‚Ä¶ https://t.co/lXZR4m5ZA0,1,0,
2020-01-14 03:23:21,b'Pyotr Bropotkin #VivaEvo',167,RT @yakirisuu: please for the love of GOD make it so people aren't tagged in something they retweeted please PLEASE @Twitter @TwitterSuppor‚Ä¶,0,25,
2020-01-14 03:23:03,b'yaki \xf0\x9f\x8c\x88\xf0\x9f\xa6\x88',12091,@Lunerina @Twitter @TwitterSupport @TwitterVideo @TwitterSports @TwitterRetweets @TwitterGaming @TwitterAPI‚Ä¶ https://t.co/2iu5u1omqL,4,0,
2020-01-14 03:19:37,b'Matt\xf0\x9f\x90\x9d',31,RT @yakirisuu: please for the love of GOD make it so people aren't tagged in something they retweeted please PLEASE @Twitter @TwitterSuppor‚Ä¶,0,25,"Pennsylvania, USA"
2020-01-14 03:15:57,b'Erina \xf0\x9f\x8c\xba',61,@yakirisuu @Twitter @TwitterSupport @TwitterVideo @TwitterSports @TwitterRetweets @TwitterGaming @TwitterAPI‚Ä¶ https://t.co/FYrHMgcDk7,0,0,
2020-01-14 03:12:14,b'yaki \xf0\x9f\x8c\x88\xf0\x9f\xa6\x88',12091,@Lunerina @Twitter @TwitterSupport @TwitterVideo @TwitterSports @TwitterRetweets @TwitterGaming @TwitterAPI‚Ä¶ https://t.co/tjsqzv4emd,1,0,
2020-01-14 03:10:15,b'Erina \xf0\x9f\x8c\xba',61,@yakirisuu @Twitter @TwitterSupport @TwitterVideo @TwitterSports @TwitterRetweets @TwitterGaming @TwitterAPI‚Ä¶ https://t.co/OA06w7mH8s,3,0,
2020-01-14 03:08:43,"b""D'Vante \xe2\x98\x81\xef\xb8\x8f @ FFVIIR 04.10.2020""",797,RT @yakirisuu: please for the love of GOD make it so people aren't tagged in something they retweeted please PLEASE @Twitter @TwitterSuppor‚Ä¶,0,25,
2020-01-14 03:07:57,b'Zero',1764,@yakirisuu @Twitter @TwitterSupport @TwitterVideo @TwitterSports @TwitterRetweets @TwitterGaming @TwitterAPI‚Ä¶ https://t.co/T5NsYChygL,2,0,Toronto
2020-01-14 03:03:20,b'Sky Pirate Steven',236,RT @yakirisuu: please for the love of GOD make it so people aren't tagged in something they retweeted please PLEASE @Twitter @TwitterSuppor‚Ä¶,0,25,YouTube
2020-01-14 02:58:31,b'trexjose',83,RT @yakirisuu: please for the love of GOD make it so people aren't tagged in something they retweeted please PLEASE @Twitter @TwitterSuppor‚Ä¶,0,25,
2020-01-14 02:56:50,b'Barbara',605,In the Midst of the Passionate Fire | Barbara L. Chapman https://t.co/OoTjA5GxRs via @twitterapi,0,0,
2020-01-14 02:54:34,"b""Fuck you, It's January (Another Nobody)""",120,@yakirisuu @Twitter @TwitterSupport @TwitterVideo @TwitterSports @TwitterRetweets @TwitterGaming @TwitterAPI‚Ä¶ https://t.co/DudDAS0TKT,0,0,You Are Here 
2020-01-14 02:50:59,b'Trying to find happiness',121,RT @yakirisuu: please for the love of GOD make it so people aren't tagged in something they retweeted please PLEASE @Twitter @TwitterSuppor‚Ä¶,0,25,6 ft under the ground lmao
2020-01-14 02:50:13,b'I WANT THIGHS!!\xf0\x9f\xa4\xac',735,@yakirisuu @Twitter @TwitterSupport @TwitterVideo @TwitterSports @TwitterRetweets @TwitterGaming @TwitterAPI‚Ä¶ https://t.co/GX7Jn4I5oV,0,0,
2020-01-14 02:49:57,b'Noel',66,RT @yakirisuu: please for the love of GOD make it so people aren't tagged in something they retweeted please PLEASE @Twitter @TwitterSuppor‚Ä¶,0,25,Sonic Land
2020-01-14 02:44:51,b'Eiz.',179,RT @yakirisuu: please for the love of GOD make it so people aren't tagged in something they retweeted please PLEASE @Twitter @TwitterSuppor‚Ä¶,0,25,Final Fantasy Hell.
2020-01-14 02:44:27,b'David',727,RT @yakirisuu: please for the love of GOD make it so people aren't tagged in something they retweeted please PLEASE @Twitter @TwitterSuppor‚Ä¶,0,25,"Brooklyn (he/him, Bi) 15"
2020-01-14 02:42:35,b'Jason\xe2\x80\x99s Spottieottiedopaliscious',167,RT @yakirisuu: please for the love of GOD make it so people aren't tagged in something they retweeted please PLEASE @Twitter @TwitterSuppor‚Ä¶,0,25,Florida
2020-01-14 02:42:06,b'Cynii',84,@yakirisuu @childshgamdeemo @Twitter @TwitterSupport @TwitterVideo @TwitterSports @TwitterRetweets @TwitterGaming‚Ä¶ https://t.co/xWLJFGo5rv,0,0,
2020-01-14 02:41:22,b'\xe2\x84\x95oah \xe2\x84\x9doss',1206,RT @yakirisuu: please for the love of GOD make it so people aren't tagged in something they retweeted please PLEASE @Twitter @TwitterSuppor‚Ä¶,0,25,"Port Orange, Florida"
2020-01-14 02:41:09,b'Knight Bewion',223,RT @yakirisuu: please for the love of GOD make it so people aren't tagged in something they retweeted please PLEASE @Twitter @TwitterSuppor‚Ä¶,0,25,"Hampton, VA"
2020-01-14 02:41:09,"b""\xf0\x9d\x95\xb7\xf0\x9d\x96\x8e\xf0\x9d\x96\x98\xf0\x9d\x96\x86 \xf0\x9d\x95\xb4\xf0\x9d\x96\x92\xf0\x9d\x96\x86\xf0\x9d\x96\x8e'\xf0\x9d\x96\x98 \xf0\x9d\x93\x95\xf0\x9d\x93\xbe\xf0\x9d\x93\xac\xf0\x9d\x93\xb4\xf0\x9d\x93\xb2\xf0\x9d\x93\xb7\xf0\x9d\x93\xb0 \xf0\x9d\x93\xa2\xf0\x9d\x93\xb5\xf0\x9d\x93\xaa\xf0\x9d\x93\xbf\xf0\x9d\x93\xae\xe2\x84\xa2""",65,RT @yakirisuu: please for the love of GOD make it so people aren't tagged in something they retweeted please PLEASE @Twitter @TwitterSuppor‚Ä¶,0,25,Hopefully under Lisa's heels
2020-01-14 02:40:15,b'Deemo',4819,RT @yakirisuu: please for the love of GOD make it so people aren't tagged in something they retweeted please PLEASE @Twitter @TwitterSuppor‚Ä¶,0,25,Land of the lustrous 
2020-01-14 02:38:31,b'Kiibo',41,RT @yakirisuu: please for the love of GOD make it so people aren't tagged in something they retweeted please PLEASE @Twitter @TwitterSuppor‚Ä¶,0,25,
2020-01-14 02:32:06,b'Oziach',182,RT @yakirisuu: please for the love of GOD make it so people aren't tagged in something they retweeted please PLEASE @Twitter @TwitterSuppor‚Ä¶,0,25,123 Help
2020-01-14 02:28:03,b'I Love Junko \xe2\x9d\xa4\xe2\x9d\xa4\xe2\x9d\xa4',816,RT @yakirisuu: please for the love of GOD make it so people aren't tagged in something they retweeted please PLEASE @Twitter @TwitterSuppor‚Ä¶,0,25,United States
2020-01-14 02:27:46,b'Sinny',124,@yakirisuu @Twitter @TwitterSupport @TwitterVideo @TwitterSports @TwitterRetweets @TwitterGaming @TwitterAPI‚Ä¶ https://t.co/w1y1ZRzLDi,0,0,
2020-01-14 02:27:46,b'Synical',29,@yakirisuu @Twitter @TwitterSupport @TwitterVideo @TwitterSports @TwitterRetweets @TwitterGaming @TwitterAPI‚Ä¶ https://t.co/07b4ayArgV,3,0,alcoholic
2020-01-14 02:27:23,b'Nick @ CFYOW (Pretend there is a crown there)',522,@yakirisuu @Twitter @TwitterSupport @TwitterVideo @TwitterSports @TwitterRetweets @TwitterGaming @TwitterAPI‚Ä¶ https://t.co/xeA1k01e6o,0,0,
2020-01-14 02:27:16,b'Tay\xf0\x9f\xa5\x80|\xe8\xb3\xad\xe3\x82\xb1\xe3\x82\xb0\xe3\x83\xab\xe3\x82\xa4|',767,@yakirisuu @Twitter @TwitterSupport @TwitterVideo @TwitterSports @TwitterRetweets @TwitterGaming @TwitterAPI‚Ä¶ https://t.co/mRLL8yeZBI,0,0,Bardocks basement
2020-01-14 02:26:59,b'Noah',9601,@yakirisuu @Twitter @TwitterSupport @TwitterVideo @TwitterSports @TwitterRetweets @TwitterGaming @TwitterAPI‚Ä¶ https://t.co/TV3AewkPFv,0,0,United States
2020-01-14 02:26:52,b'mori \xf0\x9f\x93\xb7',408,@yakirisuu @Twitter @TwitterSupport @TwitterVideo @TwitterSports @TwitterRetweets @TwitterGaming @TwitterAPI‚Ä¶ https://t.co/6un2rkbRAw,4,0,
2020-01-14 02:26:17,b'yaki \xf0\x9f\x8c\x88\xf0\x9f\xa6\x88',12091,please for the love of GOD make it so people aren't tagged in something they retweeted please PLEASE @Twitter‚Ä¶ https://t.co/oDAiXzmv5f,161,25,
2020-01-14 01:34:32,b'Jim C  USA PROUD',684,RT @sp0r412: @Twitter @TwitterAPI @TwitterSupport @TwitterRetweets @TwitterMoments @TwitterVideo @TwitterSafety @TwitterMusic @TwitterSport‚Ä¶,0,1,"Missouri, USA"
2020-01-13 23:29:17,b'digital.physicality',102,"@Twitter @TwitterSupport @TwitterAPI 

I‚Äôm filling out another application on my other account @HeircutsC   Check i‚Ä¶ https://t.co/n3p6E41t8g",0,0,"Baltimore, MD"
2020-01-13 22:46:08,b'tlc3 otwww',1161,Yo im dabbed out @Twitter @TwitterSupport @TwitterRetweets @TwitterMoments @TwitterVideo @TwitterAPI @TwitterMusic‚Ä¶ https://t.co/QF7nBygeFs,2,0,somewhere in hell
2020-01-13 22:38:26,b'Suzanne Diamond',119,Prayer for Beginners - Lighthouse Catholic Media https://t.co/ervKoqM5mW via @twitterapi,0,0,
2020-01-13 22:36:19,b'Carlos Malvinas',45,@IncelJojo NOOOOOO why would twitter do that?!?!? we are all praying for you in orthodox church for you to come bac‚Ä¶ https://t.co/lH8ay5Bwov,0,0,
2020-01-13 21:34:43,b'digital.physicality',102,"@Twitter @TwitterAPI @TwitterSupport 

.. y‚Äôall know that ain‚Äôt right",0,0,"Baltimore, MD"
2020-01-13 21:19:37,b'digital.physicality',102,@TwitterSupport @Twitter @TwitterAPI       I been here for a decade.   üëÄ https://t.co/yPoY9ZaII0,0,0,"Baltimore, MD"
2020-01-13 21:14:43,b'angel',1310,RT @BreeanyciaM: Chilling Adventures of Sabrina countdown https://t.co/aegxj4z9UZ via @twitterapi,0,1,Heartbreak Highway
2020-01-13 20:36:57,b'an.ominous.1',763,@Twitter @TwitterAPI @TwitterSupport @TwitterRetweets @TwitterMoments @TwitterVideo @TwitterSafety @TwitterMusic‚Ä¶ https://t.co/ICIFwxwCfr,0,1,whereGodwantsme
2020-01-13 20:36:45,b'\xf0\x9d\x90\xa3\xf0\x9d\x90\xa2\xf0\x9d\x90\xa6\xf0\x9d\x90\x9e',5546,@jarpadvol1 @mylovecas @Twitter yeah twitter do something @Twitter @TwitterSupport @TwitterRetweets @TwitterGaming‚Ä¶ https://t.co/hloEU2XMTl,1,0,"she/her | 17 | ella, sol"
2020-01-13 20:31:43,b'\xe2\x9c\xa8miss fool\xe2\x9c\xa8',860,@BreeanyciaM @TwitterAPI retweet bree,1,0,
2020-01-13 20:29:49,b'bwee',1080,Chilling Adventures of Sabrina countdown https://t.co/aegxj4z9UZ via @twitterapi,3,1,Wahhhh i need milk
2020-01-13 18:38:09,b'Janie \xe2\x9d\x8c\xf0\x9f\x87\xba\xf0\x9f\x87\xb8',5389,"RT @GhostTrumps2: NO ONE ESCAPES!

Countdown Timer - 
Countdown to Jul 4, 2020 in Washington DC, District of Columbia https://t.co/MNZrBYHM‚Ä¶",0,2,"Nevada , USA"
2020-01-13 18:15:10,b'Elana Leoni \xf0\x9f\x8c\x9f Digital Marketing for EDU \xf0\x9f\x93\x9a',12829,Nice move from @TwitterAPI to provide extra resources to researchers. There's a wealth of data generated from Twitt‚Ä¶ https://t.co/QO1qTTEPxL,0,0,"Sausalito, CA"
2020-01-13 17:09:35,b'\xe2\x99\xaaC\xe2\x99\xab',1519,"Party Countdown - Countdown to Apr 18, 2020 7:00 pm in Brooklyn https://t.co/sgbovQird5 via @twitterapi",1,0,California
2020-01-13 17:04:04,b'FallbackTomb',31,I'm Sorry @Twitter @TwitterGaming @TwitterVideo @TwitterSupport @TwitterRetweets @TwitterSports @TwitterMusic‚Ä¶ https://t.co/zR0oGyIZMD,0,0,My House
2020-01-13 17:01:13,b'Ahh geez.',137,"Launch Countdown - Countdown to Jan 27, 2020 in Cincinnati https://t.co/OQzNAftSlf via @twitterapi",0,0,Northern Kentucky
2020-01-13 15:51:35,b'Lori Davis (#HaidaPrincess)',6,"Hi @Twitter @TwitterSupport @jack @TwitterAPI
üö®üö®@HaidaPrincess been suspended since Nov 19/19 w/o notification, why‚Ä¶ https://t.co/2iUNBAeGxo",0,0,
2020-01-13 15:40:59,b'\xe2\xad\x90\xef\xb8\x8f\xe2\xad\x90\xef\xb8\x8f\xe2\xad\x90\xef\xb8\x8fHillbilly Patriot\xe2\xad\x90\xef\xb8\x8f\xe2\xad\x90\xef\xb8\x8f\xe2\xad\x90\xef\xb8\x8f',6309,"RT @GhostTrumps2: NO ONE ESCAPES!

Countdown Timer - 
Countdown to Jul 4, 2020 in Washington DC, District of Columbia https://t.co/MNZrBYHM‚Ä¶",0,2,God‚Äôs Country 
2020-01-13 13:58:56,b'Deepak Sharma',20,"Reliance jio infocomm , jio@citibank Complaints https://t.co/R3mGAwW6kw via @twitterapi
AMOUNT DEDUCT FROM MY ACCOU‚Ä¶ https://t.co/kcvEFrczCs",0,0,
2020-01-13 13:58:45,b'StorPlaceSelfStorage',996,Fun Holiday ‚Äì Clean Off Your Desk Day https://t.co/vXTSrkQzka via @twitterapi,0,0,Greater Nashville Area
2020-01-13 12:42:40,b'JaagoArjun',2,@TwitterAPI @TwitterSupport @verified @TwitterIndia @Twitter @SrBachchan @RahulGandhi  @ShivSena @NCPspeaks‚Ä¶ https://t.co/2LyW0OCdLu,0,0,
2020-01-13 12:35:40,b'JaagoArjun',2,@TwitterAPI @TwitterSupport @verified @TwitterIndia @Twitter @mrsfunnybones @INCIndia @ShivSena @NCPspeaks‚Ä¶ https://t.co/VRnnUNpis9,0,0,
2020-01-13 12:31:39,"b'Ken Zoucha, MD'",155,Prejudice toward people with substance use disorders may lead us to offer them suboptimal treatment strategies!‚Ä¶ https://t.co/Vmgqiwb2sR,1,0,"Omaha, NE"
2020-01-13 10:32:07,b'Ayush manyam',33,"@verified I think I should be verified
@verified @TwitterSupport @TwitterAPI",0,0,Delhi
2020-01-13 09:33:00,b'VINAY KUMAR SHARMA',2,RT @VINAYSHARMAJHS1: @verified @Twitter @TwitterSupport @TwitterRetweets @TwitterVideo @TwitterSports @TwitterAPI @TwitterLive @TwitterMusi‚Ä¶,0,1,"‡§â‡§§‡•ç‡§§‡§∞ ‡§™‡•ç‡§∞‡§¶‡•á‡§∂, ‡§≠‡§æ‡§∞‡§§"
2020-01-13 09:32:49,b'VINAY KUMAR SHARMA',2,@verified @Twitter @TwitterSupport @TwitterRetweets @TwitterVideo @TwitterSports @TwitterAPI @TwitterLive‚Ä¶ https://t.co/FHGZXjeeKJ,1,1,"‡§â‡§§‡•ç‡§§‡§∞ ‡§™‡•ç‡§∞‡§¶‡•á‡§∂, ‡§≠‡§æ‡§∞‡§§"
2020-01-13 09:23:54,b'papers.com.pk',3070,Jobs In The University Of Lahore - https://t.co/imnLZzpYPt https://t.co/SI0elbgjbp via @twitterapi,0,0,Pakistan
2020-01-13 09:23:31,b'papers.com.pk',3070,Jobs In National Highway&amp;Motorway Police Islamabad - https://t.co/imnLZzpYPt https://t.co/309W6jGxXI via @twitterapi,0,0,Pakistan
2020-01-13 09:23:09,b'papers.com.pk',3070,Jobs In BUITEMS Quetta - https://t.co/imnLZzpYPt https://t.co/bI4IiEhIzv via @twitterapi,0,0,Pakistan
2020-01-13 09:20:36,b'papers.com.pk',3070,Latest Jobs In The University Of Lahore - https://t.co/imnLZzpYPt https://t.co/Apycr0If25 via @twitterapi,0,0,Pakistan
2020-01-13 09:20:11,b'papers.com.pk',3070,Latest Jobs In Roots Testing Services Private Limited Gilgit Baltistan - https://t.co/imnLZzpYPt https://t.co/pOaHyZ8wYn via @twitterapi,0,0,Pakistan
2020-01-13 09:19:39,b'papers.com.pk',3070,Jobs In Maroof International Hospital Islamabad - https://t.co/imnLZzpYPt https://t.co/DIZJ7VrJGk via @twitterapi,0,0,Pakistan
2020-01-13 09:19:18,b'papers.com.pk',3070,Jobs In Wah Brass Mills Private Limited Wah Cantt - https://t.co/imnLZzpYPt https://t.co/hXMI2ngKos via @twitterapi,0,0,Pakistan
2020-01-13 09:18:16,b'papers.com.pk',3070,Jobs In Karachi Institute Of Medical Science Karachi - https://t.co/imnLZzpYPt https://t.co/Jrycvw0RQx via @twitterapi,0,0,Pakistan
2020-01-13 09:16:59,b'papers.com.pk',3070,Jobs In A State Of Art Secondary Healthcare Hospital Sukkur - https://t.co/imnLZzpYPt https://t.co/Yu7H1VmMpq via @twitterapi,0,0,Pakistan
2020-01-13 09:15:00,b'papers.com.pk',3070,Jobs In Apex Skin Health International Karachi - https://t.co/imnLZzpYPt https://t.co/oLzCGFb3a7 via @twitterapi,0,0,Pakistan
2020-01-13 09:13:56,b'papers.com.pk',3070,Jobs In Tariq Glass Industries Limited Sheikhupura - https://t.co/imnLZzpYPt https://t.co/S1jZ0aYuo2 via @twitterapi,0,0,Pakistan
2020-01-13 09:12:51,b'kzc',76,@kavita_krishnan @imMAK02 @TwitterIndia @Twitter Shame on u @TwitterIndia @Twitter @TwitterMoments @TwitterSupport‚Ä¶ https://t.co/S7bHCi4fEL,0,0,Guwahati
2020-01-13 09:11:44,b'Amman Consultancy & Business Solutions',2395,Children winter jacket for girls shiny Silver cotton Down Clothing Kid Padded Jacket Parka boys coat outerwear 3 8‚Ä¶ https://t.co/2QCYKrpvGx,0,0,Hashemite Kingdom of Jordan
2020-01-13 09:10:17,b'Amman Consultancy & Business Solutions',2395,Women TWO PIECE SET Hoodies Sporting Suit Vogue Tracksuit Female Clothing Jogger Pants Sweat Outfit Sweatshirt Wint‚Ä¶ https://t.co/hvDgN1dqpW,0,0,Hashemite Kingdom of Jordan
2020-01-13 09:09:00,b'Amman Consultancy & Business Solutions',2395,TWO PIECE SET Pearl Tracksuit Beading Sweat Suit Women Stretch Sweatshirt 2 Piece Outfits Top Long Pants Sportsuit‚Ä¶ https://t.co/Ld18C39cR9,0,0,Hashemite Kingdom of Jordan
2020-01-13 09:08:05,b'Amman Consultancy & Business Solutions',2395,TWO PIECE SET Mesh Patchwork Women Tracksuit Hooded Sweat Suits Stitching Sweatshirt Female Runway Pants Streetwear‚Ä¶ https://t.co/nymSKgppDb,0,0,Hashemite Kingdom of Jordan
2020-01-13 09:06:10,b'Amman Consultancy & Business Solutions',2395,DIMUSI Mens Leather Jacket Slim Short Leather Jackets stand collar casual Male Motorcycle Leather Jacket Windbreake‚Ä¶ https://t.co/DFjXfz28eh,0,0,Hashemite Kingdom of Jordan
2020-01-13 09:05:30,b'Amman Consultancy & Business Solutions',2395,2019 autumn winter men jacket High quality brand casual Outerwear leather jacket men Warm fleece men jacket coat br‚Ä¶ https://t.co/Zp4k2t0sji,0,0,Hashemite Kingdom of Jordan
2020-01-13 09:04:38,b'Amman Consultancy & Business Solutions',2395,Brand Female Hoodies and Pants Set Women Long Sleeve Hooded Sweatshirt Tracksuit Sweat Coat Autumn Casual Sportswea‚Ä¶ https://t.co/LjNj37XUwh,0,0,Hashemite Kingdom of Jordan
2020-01-13 09:03:47,b'Amman Consultancy & Business Solutions',2395,2019 Mens Leather Jackets Casual High Quality Classic Motorcycle Bike Jacket Men Plus Velvet Thick Coats Winter cha‚Ä¶ https://t.co/hOlSotdsvz,0,0,Hashemite Kingdom of Jordan
2020-01-13 09:02:25,b'Amman Consultancy & Business Solutions',2395,2019 autumn women‚Äôs fashion word Printed Denim hooded tops + jeans suits female leisure denim 2 piece sets‚Ä¶ https://t.co/UZwqNYlqk9,0,0,Hashemite Kingdom of Jordan
2020-01-13 09:01:25,b'Amman Consultancy & Business Solutions',2395,2018 autumn and winter women‚Äôs fashion velvet fleece tops wide-legged pants suits female Hooded jacket+velvet pants‚Ä¶ https://t.co/qnuLIkrery,0,0,Hashemite Kingdom of Jordan
2020-01-13 09:00:13,b'Amman Consultancy & Business Solutions',2395,YAMDI Women Outwear PU Leather Casual Designer Turn Down Collar Ruffle Pocket Coat 2019 Autumn Winter Runway New Ja‚Ä¶ https://t.co/FOqwqkGJfx,0,0,Hashemite Kingdom of Jordan
2020-01-13 08:59:34,b'Amman Consultancy & Business Solutions',2395,Thick Warm Flannel Pajama Sets for Women 2019 Winter Long Sleeve Coral Velvet Hooded Pyjama Girl Cute Sleepwear Hom‚Ä¶ https://t.co/DEBPNvdWcR,0,0,Hashemite Kingdom of Jordan
2020-01-13 08:58:55,b'Amman Consultancy & Business Solutions',2395,tracksuit for women 2019 autumn fashion female loose Hoodie tops+pants suits female casual retro two piece sets‚Ä¶ https://t.co/VzZMIppkMp,0,0,Hashemite Kingdom of Jordan
2020-01-13 08:57:45,b'Amman Consultancy & Business Solutions',2395,Women‚Äôs Hooded Red Sweat Suit https://t.co/qUiZPLgydX via @twitterapi,0,0,Hashemite Kingdom of Jordan
2020-01-13 08:56:49,b'Amman Consultancy & Business Solutions',2395,Women‚Äôs Printed Black Sweat Suit https://t.co/Qvc2wHussm via @twitterapi,0,0,Hashemite Kingdom of Jordan
2020-01-13 08:55:42,b'Amman Consultancy & Business Solutions',2395,Women‚Äôs Tulle Detail Sequined Grey Evening Overall https://t.co/GqLGetUH1H via @twitterapi,0,0,Hashemite Kingdom of Jordan
2020-01-13 08:54:54,b'Amman Consultancy & Business Solutions',2395,Women‚Äôs Hooded Red Sweat Suit https://t.co/ndY7FEiqPg via @twitterapi,0,0,Hashemite Kingdom of Jordan
2020-01-13 08:54:00,b'Amman Consultancy & Business Solutions',2395,Women‚Äôs Striped Modest Tricot Tunic Pants https://t.co/s7dFDiDgz7 via @twitterapi,0,0,Hashemite Kingdom of Jordan
2020-01-13 08:53:11,b'Amman Consultancy & Business Solutions',2395,Women‚Äôs Damon Modest Long Evening Dress https://t.co/TEGubiugPu via @twitterapi,0,0,Hashemite Kingdom of Jordan
2020-01-13 08:52:12,b'Amman Consultancy & Business Solutions',2395,Women‚Äôs Oversize Zipped Black Cachet Jacket https://t.co/fHn04rNQPH via @twitterapi,0,0,Hashemite Kingdom of Jordan
2020-01-13 08:51:34,b'Amman Consultancy & Business Solutions',2395,Women‚Äôs Zipped Ginger Blown Coat https://t.co/6K9BfQhCYm via @twitterapi,0,0,Hashemite Kingdom of Jordan
2020-01-13 08:50:53,b'Amman Consultancy & Business Solutions',2395,Women‚Äôs Fur Hooded Navy Blue Quilted Coat https://t.co/4qX1yZ1iyr via @twitterapi,0,0,Hashemite Kingdom of Jordan
2020-01-13 08:49:47,b'Amman Consultancy & Business Solutions',2395,Boys Children Winter velvet Baby Sports Suit New 2018 boys Thick vest + fleece plaid shirt + jeans Thicken Kids Clo‚Ä¶ https://t.co/EtIuIwOVT5,0,0,Hashemite Kingdom of Jordan
2020-01-13 08:48:35,b'\xf0\x9f\x87\xae\xf0\x9f\x87\xb3 Indrani_se_nani \xf0\x9f\x87\xae\xf0\x9f\x87\xb3',1658,RT @Sankar2Narayan: @avinashasks @dharmicverangna @caa_nrc_best @19SunSunny Pls tag the account ID. We want our friends account back @Twitt‚Ä¶,0,1,
2020-01-13 08:47:56,b'Amman Consultancy & Business Solutions',2395,New Boys Clothing Sets winter Children boys Vest +plush hoodie+plush pants 3 piece Suit Kids Clothes Set 2-6years b‚Ä¶ https://t.co/WcIboV8zka,0,0,Hashemite Kingdom of Jordan
2020-01-13 08:47:47,b'Sankara Narayanan B',305,@avinashasks @dharmicverangna @caa_nrc_best @19SunSunny Pls tag the account ID. We want our friends account back‚Ä¶ https://t.co/nt6tTmSRQy,2,1,"Ranipet, Vellore, India"
2020-01-13 08:45:38,b'Amman Consultancy & Business Solutions',2395,"Children Boys Warm Clothes Winter Baby boys Warm coats,thick t-shirts,thick jeans 3Pcs/Sets Fashion Kids Tracksuits‚Ä¶ https://t.co/uzG9q5KCJc",0,0,Hashemite Kingdom of Jordan
2020-01-13 07:55:51,b'OC Ekez\xe2\x9a\x9c\xef\xb8\x8f',939,"@Twitter @TwitterSupport @TwitterAPI 
could you pls free the @ @ekez as that account hasnt been active since 2012 and id like to have it",0,0,
2020-01-13 07:23:27,b'Shelly Gross #Resist Fascism #StrongerTogether',17649,"RT @cinderellaicius: @SultanReina @PKhakpour @WajahatAli Sun Jan 12th-  Weather in Washington DC, USA ‚Äî  https://t.co/EZBXGbTwp4 via @twitt‚Ä¶",0,1,"Indianapolis, IN"
2020-01-13 06:40:42,b'Suraj Kumar Rai',179,@ashokshrivasta6 @TwitterLive @Twitter @TwitterSupport @TwitterAPI @TwitterIndia @TwitterRetweets Please check and‚Ä¶ https://t.co/DwufSh2SKy,0,0,Mumbai
2020-01-13 06:33:41,b'Suryanshu Shukla',24,"@TwitterIndia , @TwitterAPI , @TwitterSupport 

I am not able to like any tweet since last one hour or so..Moreover‚Ä¶ https://t.co/fkWAxrmTei",0,0,
2020-01-13 06:21:33,b'MAGA MAN II (BACKUP ACCT)',1490,"NO ONE ESCAPES!

Countdown Timer - 
Countdown to Jul 4, 2020 in Washington DC, District of Columbia https://t.co/MNZrBYHMX6 via @twitterapi",2,2,INSIDE THE LIBERAL MIND
2020-01-13 06:17:54,b'Shelly Gross #Resist Fascism #StrongerTogether',17649,"@SultanReina @PKhakpour @WajahatAli Sun Jan 12th-  Weather in Washington DC, USA ‚Äî  https://t.co/EZBXGbTwp4 via @twitterapi",0,1,"Indianapolis, IN"
2020-01-13 05:40:23,b'Supergirl of SF \xf0\x9f\x87\xba\xf0\x9f\x87\xb8',894,@NeurologyDoctor @RealDeanCain @RepDanCrenshaw @Twitter @khamenei_ir @TwitterSupport @DanCrenshawTX‚Ä¶ https://t.co/bgOAd0iZdA,1,0,"San Francisco, CA"
2020-01-13 05:36:54,b'Supergirl of SF \xf0\x9f\x87\xba\xf0\x9f\x87\xb8',894,@RealDeanCain @NeurologyDoctor @RepDanCrenshaw @Twitter @khamenei_ir @TwitterSupport @DanCrenshawTX‚Ä¶ https://t.co/DAeBhfLqLI,2,0,"San Francisco, CA"
2020-01-13 05:35:31,b'Supergirl of SF \xf0\x9f\x87\xba\xf0\x9f\x87\xb8',894,@RealDeanCain @NeurologyDoctor @RepDanCrenshaw @Twitter @khamenei_ir @TwitterSupport @DanCrenshawTX‚Ä¶ https://t.co/Jny3MCe804,1,0,"San Francisco, CA"
2020-01-13 03:22:46,b'Amazing Amy Harlib',2007,Event Time Announcer - Charlie: Group Healing Begins https://t.co/5XTlLXFDRd via @twitterapi,0,0,New York City
2020-01-13 02:26:35,b'Sunil Gowda \xe0\xb2\xb8\xe0\xb3\x81\xe0\xb2\xa8\xe0\xb3\x80\xe0\xb2\xb2\xe0\xb3\x8d \xe0\xb2\x97\xe0\xb3\x8c\xe0\xb2\xa1\xf0\x9f\x87\xae\xf0\x9f\x87\xb3',12,"Hi @Twitter @TwitterIndia  @TwitterSupport @TwitterAPI
@TwitterSafety As a Soldier I want an username supersoldier‚Ä¶ https://t.co/aoM0Hz89oA",0,0,Hassan
2020-01-13 00:59:51,"b""Lauren says It's A Coup \xf0\x9f\x8f\xb3\xef\xb8\x8f\xe2\x80\x8d\xf0\x9f\x8c\x88\xf0\x9f\x87\xa8\xf0\x9f\x87\xa6\xf0\x9f\x8f\xb4\xf0\x9f\x8c\xb9""",837,"RT @ObiterDictum101: @/dmatthewstewart was banned for repeated targeted harassment and manipulation of the @Twitter platform. 
 
Why was hi‚Ä¶",0,5,Canada Land
2020-01-13 00:56:24,b'sleep now in the fire',133,"RT @ObiterDictum101: @/dmatthewstewart was banned for repeated targeted harassment and manipulation of the @Twitter platform. 
 
Why was hi‚Ä¶",0,5,No
2020-01-13 00:19:46,b'#Dialectic4Dufi',1069,"RT @ObiterDictum101: @/dmatthewstewart was banned for repeated targeted harassment and manipulation of the @Twitter platform. 
 
Why was hi‚Ä¶",0,5,"Bumphuq, AZ"
2020-01-12 23:28:12,"b""Eddie's\xf0\x9f\x94\x81Retweet""",23858,RT @DrJimmyStar: Supermodel/ Celebrity Influener Simonetta Lein Launches TV Show The Wishwall On Apple TV Worldwide: Pressparty @simonettal‚Ä¶,0,15,"Sydney, New South Wales"
2020-01-12 21:29:30,b'Marios Chetas',55,Tenrings Coaching for precision air pistol shooting. - Tips and Tricks https://t.co/Io6CvkSIBG via @twitterapi,0,0,Nicosia
2020-01-12 20:29:34,b'Code\xf0\x9f\x9a\x80',108,@Bermanator4 @mberman63 @Twitter @TwitterSupport @TwitterAPI @TwitterSafety I suggest you have both an email addres‚Ä¶ https://t.co/Kv65GWrUcn,1,0,Cloud
2020-01-12 20:27:05,b'Bermanator',361,@codebite @mberman63 @Twitter @TwitterSupport @TwitterAPI @TwitterSafety I‚Äôll just start over.,1,0,
2020-01-12 20:22:04,b'Code\xf0\x9f\x9a\x80',108,@Bermanator4 @mberman63 @Twitter @TwitterSupport @TwitterAPI @TwitterSafety Sorry! I don't know what else to try. T‚Ä¶ https://t.co/7IEDNwQPlh,0,0,Cloud
2020-01-12 20:07:03,b'Selig & Associates',799,Tax Accountant | Tax Attorney | NYS | Taxes | Tax Lawyer | Lower Taxes | OIC | IRS | Payment Plan | IRS Lawyer | Co‚Ä¶ https://t.co/IIGyBPmJS4,0,0,"New York, NY"
2020-01-12 19:34:11,b'Code\xf0\x9f\x9a\x80',108,"@Bermanator4 @mberman63 Hey @Twitter, your password reset procedure sucks! @mberman63 is not able to login even aft‚Ä¶ https://t.co/E3i5Ir0inW",0,0,Cloud
2020-01-12 19:12:25,b'Chris Hopkins',658,"DB Cargo fined ¬£1.2m after teenager suffers life-changing injuries from 25,000 volt electric shock | Office of Rail‚Ä¶ https://t.co/RZjJLrmoE5",0,0,"Birmingham, UK"
2020-01-12 18:28:34,b'I am also Tom Cruise',192,"RT @tom_cruise31: @kavita_krishnan @kawalpreetdu @AbdurRahman_IPS @TwitterIndia @Twitter Yes it is true, I have earlier followed
@naukarsha‚Ä¶",0,2,"Barcelona, Spain"
2020-01-12 18:28:19,b'Laurie Fare',534,"RT @ObiterDictum101: @/dmatthewstewart was banned for repeated targeted harassment and manipulation of the @Twitter platform. 
 
Why was hi‚Ä¶",0,5,
2020-01-12 17:45:19,b'\xe1\xb4\x9b\xca\x80\xe1\xb4\x9c\xe1\xb4\x9b\xca\x9c \xe1\xb4\xa1\xca\x80\xc9\xaa\xe1\xb4\x9b\xe1\xb4\x87\xca\x80',45091,"@/dmatthewstewart was banned for repeated targeted harassment and manipulation of the @Twitter platform. 
 
Why was‚Ä¶ https://t.co/WX8qRi5axp",9,5,
2020-01-12 17:15:17,b'Joey \xf0\x9f\x8d\x84',537,"RT @ObiterDictum101: @/realdougstew has been repeatedly banned from this platform.
 
Even his account @/dmatthewstewart was banned for abus‚Ä¶",0,3,Home
2020-01-12 17:14:12,b'Faith Binder',335,"RT @ObiterDictum101: @/realdougstew has been repeatedly banned from this platform.
 
Even his account @/dmatthewstewart was banned for abus‚Ä¶",0,3,United States
2020-01-12 17:08:58,b'\xe1\xb4\x9b\xca\x80\xe1\xb4\x9c\xe1\xb4\x9b\xca\x9c \xe1\xb4\xa1\xca\x80\xc9\xaa\xe1\xb4\x9b\xe1\xb4\x87\xca\x80',45091,"@/realdougstew has been repeatedly banned from this platform.
 
Even his account @/dmatthewstewart was banned for a‚Ä¶ https://t.co/Eom6Llwdqo",6,3,
2020-01-12 17:03:33,b'Lori Davis (#HaidaPrincess)',6,"Hi @Twitter @TwitterSupport @jack @TwitterAPI
üö®üö®@HaidaPrincess been suspended since Nov 19/19 w/o notification, why‚Ä¶ https://t.co/HyJDYeIs7F",0,1,
2020-01-12 15:35:31,b'RJ_Mills',48,"TWITTER

YOU ARE HIDING MY TWEETS and Censoring MY PROFILE.
STOP Your Actions NOW!!
I ""DO NOT"" AGREE TO YOUR TERMS.‚Ä¶ https://t.co/phlNVDc3O0",0,0,Massachusetts 
2020-01-12 15:26:51,b'RJ_Mills',48,"@realDonaldTrump @JudgeJeanine 1.8 Million Views on this Video, Yet Limited Twitter Likes!

PLAINLY &gt;‚Ä¶ https://t.co/MO6OWt54Qi",0,0,Massachusetts 
2020-01-12 15:16:02,b'Addu -X- Files',5996,"Please note, Maldives FA President Official twitter is ‚úî  @bassam_jaleeI  &amp; The fake twitter handle @bassamFAM ‚ùå I‚Ä¶ https://t.co/psSNseKfzV",0,0,
2020-01-12 14:57:26,b'BigMexican4Trump',8823,@BetterCallSaul1 @TomSteyer @DNC @TwitterAPI Hold up...r u one of the people staring fires in #australia ?  #AustraliaBurning,0,0,"Pompano Beach, FL"
2020-01-12 14:34:40,b'albert james \xf0\x9f\x87\xba\xf0\x9f\x87\xb8\xf0\x9f\x87\xae\xf0\x9f\x87\xb9',613,@BetterCallSaul1 @jaketapper @BotSentinel @TwitterAPI Moron,0,0,10th circle of hell
2020-01-12 14:18:22,b'Tronald Dump',753,@globaldenis @jaketapper Another bot tweeting at Jake Tapper. @BotSentinel @TwitterAPI https://t.co/KloJmtz03t,0,0,Australia
2020-01-12 14:17:03,b'Tronald Dump',753,@albertjames @jaketapper Lol Albert James. Such a dumb name bot. @BotSentinel @TwitterAPI https://t.co/3f6Zn8lZ3L,0,0,Australia
2020-01-12 13:31:22,b'lauren1pang',26,FAKE ACCOUNT / FAKE TWEETS / malware! üò°ü§¨  ‚û°Ô∏èPilotpa91880025  is a imposter scammerü§¨ü§¨ Disrespectful snd offensive.‚Ä¶ https://t.co/5bKobPVh2y,0,0,United States Texas Houston
2020-01-12 12:54:28,b'colin b',1638,@TwitterAPI Why not add a ‚Äòdon‚Äôt like‚Äô option? üëé,0,0,Belfast
2020-01-12 11:44:53,b'P',23,@TwitterIndia @verified @TwitterSupport @Twitter @TwitterAPI pls explain how is this person still using his account‚Ä¶ https://t.co/bbQF53sW1H,0,0,
2020-01-12 11:30:50,b'XaviBoadaVila||*||\xf0\x9f\x8f\xb3\xef\xb8\x8f\xe2\x80\x8d\xf0\x9f\x8c\x88',74519,"When I am mentioned in a tweet @TwitterAPI , why can't I see it?",0,0,Barcelona - Europe
2020-01-12 11:15:08,b'#Amapiano #Bestdancer',1634,@TwitterEng  @TwitterAPI  @Twitter   someone from  Jozi is trying to hack Twitter account because they hv already log in  please help,0,0,MUSIC IS ME SA
2020-01-12 10:52:08,b'papers.com.pk',3070,Jobs In Government College University Lahore - https://t.co/imnLZzpYPt https://t.co/WzCzadAs71 via @twitterapi,0,0,Pakistan
2020-01-12 10:51:45,b'papers.com.pk',3070,Jobs In National Disaster Risk Management Fund Islamabad - https://t.co/imnLZzpYPt https://t.co/dIA3N5ADCM via @twitterapi,0,0,Pakistan
2020-01-12 10:51:25,b'papers.com.pk',3070,Jobs In Punjab Health Initiative Management Company Lahore - https://t.co/imnLZzpYPt https://t.co/DOvLKVHvvC via @twitterapi,0,0,Pakistan
2020-01-12 10:51:07,b'papers.com.pk',3070,Jobs In Bahria University Lahore Campus - https://t.co/imnLZzpYPt https://t.co/tkktOUbmXU via @twitterapi,0,0,Pakistan
2020-01-12 10:50:46,b'papers.com.pk',3070,Jobs In Cantonment Board Jhelum Cantt - https://t.co/imnLZzpYPt https://t.co/ty6P6Fl7ir via @twitterapi,0,0,Pakistan
2020-01-12 10:49:56,b'papers.com.pk',3070,Jobs In Maroof International Hospital Islamabad - https://t.co/imnLZzpYPt https://t.co/FCJkK00KRI via @twitterapi,0,0,Pakistan
2020-01-12 10:49:34,b'papers.com.pk',3070,Jobs In National Highway&amp;Motorway Police Islamabad - https://t.co/imnLZzpYPt https://t.co/FniMt0n0cu via @twitterapi,0,0,Pakistan
2020-01-12 10:48:39,b'papers.com.pk',3070,Jobs In Karachi Shipyard&amp;Engineering Works Limited Karachi - https://t.co/imnLZzpYPt https://t.co/SLVguekdYW via @twitterapi,0,0,Pakistan
2020-01-12 10:47:30,b'papers.com.pk',3070,Jobs In Specializes Healthcare&amp;Medical Education Department Lahore - https://t.co/imnLZzpYPt https://t.co/Ij0uBG0hIG via @twitterapi,0,0,Pakistan
2020-01-12 08:23:30,b'I am also Tom Cruise',192,"@kavita_krishnan @kawalpreetdu @AbdurRahman_IPS @TwitterIndia @Twitter Yes it is true, I have earlier followed‚Ä¶ https://t.co/Tk5xSrmB3f",2,2,"Barcelona, Spain"
2020-01-12 07:17:56,b'jux was',482,Y‚Äôall not going to respond @TwitterEng @TwitterSupport @TwitterAPI,0,0,"Minneapolis, MN"
2020-01-12 07:05:07,b'Abhay Shinde',17,@Shridhardhokar3 @TwitterIndia @Twitter @TwitterAPI What do u mean?,0,0,"Dhere Galli,Nipani,Karnataka"
2020-01-12 05:34:53,b'Vishal Vats',35,@sudhirchaudhary @ZeeNewsHindi @ZeeNews this account spreading fake news using your Renowned Logo on which people l‚Ä¶ https://t.co/8Fn8wMKgFY,0,0,‡§™‡•Å‡§£‡•á
2020-01-12 04:01:58,b'.',108,RT @ninjalover1231: i love @jack @Twitter @TwitterSupport @TwitterRetweets @TwitterVideoIN @TwitterMoments @TwitterSafety @TwitterMusic @Tw‚Ä¶,0,1,
2020-01-12 04:01:42,b'ninjalover123',17,i love @jack @Twitter @TwitterSupport @TwitterRetweets @TwitterVideoIN @TwitterMoments @TwitterSafety @TwitterMusic‚Ä¶ https://t.co/cRZv8B3iAX,2,1,
2020-01-12 03:09:39,b'\xf0\x9f\x87\xba\xf0\x9f\x87\xb8\xf0\x9f\x87\xba\xf0\x9f\x87\xb8\xe2\x9d\x8cHuck Jones\xe2\x9d\x8c\xf0\x9f\x87\xba\xf0\x9f\x87\xb8\xf0\x9f\x87\xba\xf0\x9f\x87\xb8',1020,"@Doranimated @Twitter 
@TwitterSupport 
@TwitterRetweets
@TwitterVideo 
@TwitterSports 
@TwitterMusic 
@TwitterAPI‚Ä¶ https://t.co/yA7y4RsReS",0,0,
2020-01-12 02:04:47,b'Naqeeb Afridi',3901,"@Twitter @verified @TwitterSupport @TwitterAPI @TwitterData @TwitterComms @TwitterOSS @TwitterEng
Verify  my account",1,0,#Peshawar#PAKISTAN
2020-01-12 01:53:04,b'Howard Hilliard',498,Time Zone Map https://t.co/hpzwMnNdBh via @twitterapi,0,0,Tonopah AZ
2020-01-12 00:20:24,b'North Philly For Bernie #Bernie2020',1352,"Dear @TwitterSupport,

Please, for the love of God, add tagging and filtering to bookmarks.

Thanks.

@Twitter @TwitterAPI @TwitterDev",1,1,
2020-01-11 23:31:11,b'\xd9\x86\xd8\xa7\xd9\x8a\xd9\x81 \xd8\xa7\xd9\x84\xd8\xb4\xd9\x8a\xd8\xa8\xd9\x87',2470,"@TwitterDev @TwitterAPI A program that violates privacy has become subject to the article, so if you do this, you c‚Ä¶ https://t.co/w9tL0LyujC",0,0,"ÿ¨ÿØÿ©, ÿßŸÑŸÖŸÖŸÑŸÉÿ© ÿßŸÑÿπÿ±ÿ®Ÿäÿ© ÿßŸÑÿ≥ÿπŸàÿØŸäÿ©"
2020-01-11 22:13:13,b'\xe2\x9d\x8cAndrew (Droopy) Pimentel\xe2\x9c\x9d\xef\xb8\x8f',251,"Countdown Timer - Countdown to Jan 12, 2020 1:11 am in New York https://t.co/BXEa8Zmbw6 via @twitterapi",0,0,Memetic not Kinetic
2020-01-11 20:50:21,b'sakshamceo',16,"@TwitterSupport  @Twitter @TwitterAPI @TwitterSafety My Account is hacked!!
please remove 1600+ unnecessary likes f‚Ä¶ https://t.co/57I2v3ColN",0,0,New Delhi
2020-01-11 20:14:44,b'urbanaxal',488,@Twitter @TwitterAPI @TwitterSupport  PLEASE RESTORE ACCOUNT OF @muteista,0,0,India
2020-01-11 19:54:21,b'Cheri Thomason',424,"Valentine's Day Countdown - Countdown to Feb 14, 2020 https://t.co/jbcuJS5ZJw via @twitterapi",0,0,Georgia
2020-01-11 18:43:09,b'#NoKXL #NowarwithIran',446,"Countdown Timer - Countdown to Jan 20, 2021 9:00 am in Sunnyvale https://t.co/MslldfLiDq via @twitterapi",0,0,"Tucson, AZ"
2020-01-11 16:36:14,"b'Emily Waligoske, yup \xf0\x9f\x8f\x95'",872,@maeloveholt @Twitter @united @OfficialPartner @TwitterWomen @TwitterAPI @zachm @goldingnik @jpodnos @kimwu‚Ä¶ https://t.co/Hths5N4HML,5,0,"Denver, CO"
2020-01-11 16:34:36,b'CF',46,"Eclipses visible in New York, New York, USA https://t.co/OnKnOMBRhH via @twitterapi",0,0,
2020-01-11 16:10:21,b'PittsburghEd',584,"Thank you to Senator Mitch McConnell, the Senate GOP, and now the House GOP https://t.co/IyuQoGFVqr via @twitterapi",0,0,Pittsburgh
